Core,Depth in Core,Depth in Composite,Wet Density,Dry Density
VC42,2,2,1.2522,0.50755
VC42,10,10,1.20025,0.4243
VC42,20,20,1.27785,0.53275
VC42,30,30,1.20435,0.42375
VC42,40,40,1.374,0.60389
VC42,50,50,1.2969,0.5949
VC31,100,52,1.7509,1.1487
VC31,110,62,1.0774,0.3693
VC31,120,72,1.1088,0.3564
VC31,130,82,1.10945,0.368
VC31,140,92,1.1393,0.32295
VC31,150,102,1.1345,0.28025
VC31,160,112,1.118533333,0.346933333
VC31,170,122,1.0558,0.2809
VC31,180,132,0.9111,0.23455
VC31,190,142,1.1113,0.3042
VC31,200,152,1.29265,0.4825
VC31,210,162,1.2473,0.329
VC31,220,172,1.10385,0.319
VC31,228,182,1.211055556,0.410166667
VC31,230,192,1.2456,0.42985
VC31,240,202,1.3290375,0.54575
VC31,250,212,1.268166667,0.381166667
VC31,260,222,1.3054,0.4114
VC31,270,232,1.328,0.4258
VC31,280,242,1.1148,0.3638
VC31,290,252,1.285833333,0.520833333
VC31,300,262,1.4439,0.7107
VC31,310,272,1.1151,0.3722
VC31,320,282,1.1535,0.291
VC31,330,292,1.232818182,0.477636364
VC31,340,302,1.171888889,0.322333333
VC31,350,312,1.1417,0.3541
VC31,360,322,0.99355,0.3205
VC31,367,332,1.310052632,0.463947368
VC31,370,342,1.1913,0.42365
VC31,380,352,1.063,0.31245
VC31,390,362,1.0836,0.355
VC31,400,372,1.157578947,0.395842105
VC31,410,382,1.06465,0.2554
VC31,420,392,1.21115,0.4089
VC31,426,402,1.2472,0.7566
VC31,430,412,1.2433,0.441
VC31,440,422,1.3281,0.446
VC31,446,432,2.048,1.3966
VC31,450,442,1.3989375,0.60725
VC31,460,452,1.367444444,0.686777778
VC31,470,462,1.42,0.746666667
VC31,480,472,1.207533333,0.447533333
VC31,490,482,1.662,1.0864
VC31,496,492,1.6379,1.0065
VC31,500,502,1.1792,0.4101
VC31,510,512,1.564533333,0.705933333
VC31,520,522,1.37395,0.58665
VC31,530,532,1.400384615,0.718307692
VC31,540,542,1.611307692,1.042384615
VC31,550,552,1.66525,1.209916667
VC31,560,562,1.609538462,1.128076923
VC31,570,572,1.742,1.301071429
VC31,580,582,1.653941176,1.314235294
VC31,590,592,1.702571429,1.37
VC31,600,602,1.58275,1.313875
VC31,610,612,1.541,1.258714286
JPC05,260,622,1.694666667,1.4195
JPC05,270,632,1.322176471,0.475235294
JPC05,280,642,1.19525,0.38505
JPC05,290,652,1.3119,0.5495
JPC05,300,662,1.41405,0.65695
JPC05,310,672,1.3458125,0.6379375
JPC05,320,682,1.309238095,0.542952381
JPC05,330,692,1.29755,0.53135
JPC05,340,702,1.41165,0.55455
JPC05,350,712,1.233,0.4668
JPC05,360,722,1.247,0.431
JPC05,370,732,1.2054,0.41825
JPC05,380,742,1.3191,0.51405
JPC05,390,752,1.28715,0.54075
JPC05,400,762,1.3209,0.56015
JPC05,410,772,1.2106,0.4309
JPC05,420,782,1.3979,0.57915
JPC05,426,792,1.483666667,0.9535
JPC05,430,802,1.282117647,0.594941176
JPC05,440,812,1.308294118,0.573176471
JPC05,450,822,1.460235294,0.583375
JPC05,460,832,1.1956875,0.3218125
JPC05,470,842,1.354764706,0.579352941
JPC05,480,852,1.29215,0.52495
JPC05,490,862,1.21565,0.4217
JPC05,500,872,1.4649,0.7523
JPC05,510,882,1.2969,0.50965
JPC05,520,892,1.2763,0.47515
JPC05,530,902,1.19505,0.39485
JPC05,540,912,1.25655,0.5346
JPC05,550,922,1.35045,0.5533
JPC05,560,932,1.24325,0.4752
JPC05,570,942,1.28905,0.54465
JPC05,580,952,1.364875,0.5939375
JPC05,590,962,1.46075,0.7238
JPC05,600,972,1.684473684,1.082947368
JPC05,610,982,1.339285714,0.585333333
JPC05,620,992,1.3622,0.59035
JPC05,630,1002,1.2949,0.5162
JPC05,640,1012,1.2135,0.48035
JPC05,650,1022,1.338,0.5542
JPC05,660,1032,1.2381,0.42125
JPC05,670,1042,1.2288,0.39265
JPC05,676,1052,1.42575,1.0095
JPC05,680,1062,1.24485,0.5856
JPC05,690,1072,1.12875,0.43885
JPC05,700,1082,1.18265,0.44295
JPC05,710,1092,1.29555,0.5828
JPC05,720,1102,1.151526316,0.341052632
JPC05,730,1112,1.370894737,0.645842105
JPC05,740,1122,1.23985,0.48375
JPC05,750,1132,1.33435,0.61795
JPC05,760,1142,1.3641,0.6388
JPC05,770,1152,1.29125,0.54325
JPC05,780,1162,1.325055556,0.556666667
JPC05,790,1172,1.28975,0.53655
JPC05,800,1182,1.236333333,0.505888889
JPC05,810,1192,1.327526316,0.549578947
JPC05,820,1202,1.4717,0.7649
JPC05,830,1212,1.729684211,1.274631579
JPC05,840,1222,1.3085,0.59395
JPC05,850,1232,1.269,0.46015
JPC05,860,1242,1.45835,0.7558
JPC05,870,1252,1.233,0.49115
JPC05,880,1262,1.3637,0.65445
JPC05,890,1272,1.392105263,0.667684211
JPC05,900,1282,1.33585,0.5995
JPC05,910,1292,1.2295,0.4747
JPC05,920,1302,1.36665,0.6549
JPC05,930,1312,1.424388889,0.698944444
JPC05,940,1322,1.411210526,0.713263158
JPC05,950,1332,1.522294118,0.837352941
JPC05,960,1342,1.501642857,1.147
JPC05,970,1352,1.312277778,0.521
JPC05,980,1362,1.353555556,0.633388889
JPC05,990,1372,1.374111111,0.656222222
JPC05,1000,1382,1.333473684,0.599315789
JPC05,1010,1392,1.357421053,0.584105263
JPC05,1020,1402,1.425473684,0.716315789
JPC05,1030,1412,1.38875,0.67675
JPC05,1040,1422,1.3169,0.61905
JPC05,1050,1432,1.4221,0.6757
JPC05,1060,1442,1.2905,0.5844
JPC05,1070,1452,1.4086,0.72075
JPC05,1080,1462,1.577210526,1.127368421
JPC05,1090,1472,1.955823529,1.448352941
JPC05,1100,1482,1.671722222,1.069166667
JPC05,1110,1492,1.413611111,1.001555556
JPC05,1120,1502,1.462578947,1.056894737
JPC05,1130,1512,1.288809524,0.983857143
JPC05,1140,1522,1.494466667,1.167066667
JPC05,1150,1532,1.310769231,1.061076923
JPC05,1160,1542,1.712363636,1.270545455
JPC05,1170,1552,1.46845,0.7514
JPC05,1180,1562,1.4011,0.6533
JPC05,1190,1572,1.3043,0.5426
JPC05,1200,1582,1.4384375,0.767625
JPC05,1210,1592,1.3095,0.732833333
JPC05,1220,1602,1.3918,0.692733333
JPC05,1230,1612,1.32315,0.6424
JPC05,1240,1622,1.482833333,0.771166667
JPC05,1250,1632,1.244,0.520466667
JPC05,1260,1642,1.1681875,0.501375
JPC05,1270,1652,1.3337,0.5964
JPC05,1280,1662,1.320578947,0.565052632
JPC05,1290,1672,1.39775,0.6818
JPC05,1300,1682,1.3643,0.65675
JPC05,1310,1692,1.2253,0.45545
JPC05,1320,1702,1.278,0.518684211
JPC04,76,1710,1.437,0.646894737
JPC04,86,1720,1.168157895,0.393157895
JPC04,96,1730,1.250578947,0.487421053
JPC04,106,1740,1.266411765,0.432529412
JPC04,116,1750,1.3344375,0.4809375
JPC04,126,1760,1.179166667,0.353
JPC04,136,1770,1.25575,0.448791667
JPC04,146,1780,1.27065,0.48015
JPC04,2,1790,1.4845,0.714055556
JPC04,12,1800,1.642357143,1.113
JPC04,22,1810,1.21765,0.38605
JPC04,32,1820,1.367954545,0.586227273
JPC04,42,1830,1.25795,0.4346
JPC04,52,1840,1.436888889,0.596166667
JPC04,62,1850,1.3283,0.5068
JPC04,72,1860,1.273631579,0.417526316
JPC04,82,1870,1.5235,0.63085
JPC04,92,1880,1.3405625,0.4984375
JPC04,102,1890,1.22025,0.4153
JPC04,112,1900,1.629565217,0.981956522
JPC04,122,1910,1.362681818,0.590727273
JPC04,132,1920,1.45705,0.6577
JPC04,142,1930,1.423045455,0.682545455
JPC04,220,1940,1.38155,0.64135
JPC04,230,1950,1.332222222,0.6385
JPC04,240,1960,1.6582,0.9666
JPC04,250,1970,1.640913043,1.041826087
JPC04,260,1980,1.425869565,0.744304348
JPC04,270,1990,1.426695652,0.750434783
JPC04,280,2000,1.4566,0.70795
JPC04,290,2010,1.644181818,0.993045455
JPC04,300,2020,1.482722222,0.835611111
JPC04,310,2028,1.343681818,0.61
JPC04,320,2040,1.243181818,0.407363636
JPC04,330,2050,1.222695652,0.403217391