Depth,d10,d50,d90,%>63
0,3.23,18.8,108,20.33
1,3.14,20.7,129,23.79
2,2.89,16.6,86.2,15.43
3,3.17,19.4,118,21.72
4,3.46,23.1,139,25.88
5,2.89,15.9,82.1,14.875
6,3.14,22.4,130,25.685
7,3.47,26.1,154,30.815
8,3.77,22.7,135,26.07
9,3.59,20.1,110,21.36
10,3.28,15.8,86.5,15.11
11,3.43,19.5,120,21.53
12,3.08,16.5,95.4,17.035
13,3.27,18.5,112,19.99
14,2.98,15.7,91.4,15.37
15,2.88,15,81.9,13.53
16,2.77,15.5,83.9,13.345
17,2.96,18.7,100,16.21
18,3.04,19.2,93.8,15.95
19,2.84,15.3,84.2,14.095
20,3.08,20.3,98.7,19.635
21,3.05,16.6,84.3,14.89
22,3.01,16.6,85.9,14.94
23,3.09,15.8,80.7,13.67
24,2.8,14.8,71.8,11.885
25,2.49,14.7,77.4,13.035
26,2.74,15.5,86.5,15.03
27,2.89,16.9,91.8,16.515
28,2.95,18.7,105,19.65
29,3.48,23.4,124,24.225
30,3.64,24.2,131,25.015
31,3.82,24.1,127,24.62
32,3.99,23.9,125,24.455
33,3.73,24,122,24.055
34,3.5,24.7,127,25.37
35,3.94,27.5,154,29.49
36,4.38,35.1,173,36.585
37,4.44,36.3,180,37.165
38,5,48.7,207,44.32
39,4.51,42.4,216,41.735
40,4.93,54.6,274,47.275
41,4.86,51.4,268,46.275
42,5.66,69.9,339,51.875
43,4.75,41.5,260,42.12
44,4.39,32.3,212,35.38
45,4.64,37.6,252,40.045
46,6.18,102,348,58.875
47,5.78,101,337,59.01
48,6.55,110,331,60.78
49,5.93,95.7,303,57.91
50,6,108,361,59.28
51,5.56,95.7,346,56.825
52,7.02,121,356,63.45
53,8.35,181,458,70.24
54,12,109,247,69.68
55,6.44,68.3,205,52.115
56,6.49,75.2,224,54.915
57,7.27,71.9,242,53.61
58,4.74,53.3,266,46.49
59,3.52,27.6,185,30.125
60,4.76,47.6,220,43.58
61,4.31,37.7,205,38.03
62,3.03,20.8,127,21.395
63,3,18.2,95.7,16.025
64,3.09,18.9,96.5,15.845
65,3.06,18.4,104,17.03
66,2.99,18.2,107,17.47
67,3.26,21.5,169,24.15
68,3.7,28.7,215,33.585
69,3.97,31.8,221,35.95
70,4.09,35.8,230,39.49
71,3.61,25.6,182,29.43
72,3.41,22.3,148,24.35
73,3.73,26.9,187,31.205
74,3.78,28.5,194,32.735
75,3.37,22,138,22.795
76,3.44,22.4,145,23.11
77,3.13,19.6,105,18.835
78,3.03,18.8,112,18.245
79,3.1,19.2,126,20.545
80,2.68,15.5,81.5,13.66
81,2.76,15.3,77.3,12.88
82,2.82,16.7,81.6,14.005
83,2.4,14.6,58,8.87
84,3.14,19.5,99.4,17.69
85,3.36,21.9,116,21.14
86,3.41,22.8,136,24.11
87,3.29,22,126,22.77
88,3.17,21.3,119,22.155
89,3.18,20.1,108,19.815
90,3.28,20.9,110,20.51
91,3.29,21.3,109,20.745
92,3.43,23.1,112,22.2
93,3.03,17.6,89.9,15.515
94,3.04,17.1,85.7,14.545
95,3.72,22,123,21.285
96,2.85,17.5,105,17.555
97,2.7,16.6,81.6,13.845
98,2.83,17.6,85.9,15.275
99,3.02,18.8,89,16.255
100,2.86,19.1,98.9,18.145
101,3.03,20.4,106,19.665
102,3.22,19.7,101,18.745
103,3.04,19.5,100,18.485
104,3.86,22.7,101,19.88
105,3.82,22.5,90.3,16.805
106,3.24,19.2,85.9,15.315
107,3.74,20.7,84,14.575
108,3.02,17.9,80.6,14.145
109,3,17.9,82.4,14.7
110,3.07,18.1,84.5,15.1
111,2.67,16.8,85.8,15.255
112,2.78,16.9,86.1,15.29
113,2.92,16.9,83.9,14.57
114,2.75,15.7,77.1,13.225
115,2.73,14.6,67.3,11.05
116,2.7,15.2,76.7,13.07
117,2.96,17.2,80.7,14.125
118,3.4,19.4,99.8,17.355
119,3.49,21.3,115,20.59
120,3.36,20.5,105,19.46
121,3.56,21.5,106,19.395
122,3.43,22.8,123,22.455
123,3.96,26.2,135,25.575
124,4.02,26.7,132,25.095
125,5.96,39.8,179,35.155
126,5.48,38.3,166,34.4
127,4.87,32.7,142,29.83
128,5.21,33.6,171,31.19
129,3.99,27.5,135,26.39
130,4.02,29.1,139,28.52
131,4.26,30.2,142,29.785
132,5.39,36.9,165,36.605
133,4.74,27.1,126,25.455
134,4.15,25.2,119,22.95
135,3.32,21.6,99.9,19.215
136,4.34,25.2,115,21.635
137,4.74,26.4,130,21.765
138,3.95,23.8,130,22.11
139,3.46,23.1,147,24.175
140,3.47,23.2,136,23.69
141,3.84,24.1,112,21.935
142,4.06,24.6,105,21.565
143,3.65,22,131,21.48
144,3.35,21.9,133,23.315
145,3.47,23.3,155,25.455
146,3.79,25.9,178,27.97
147,3.23,21.4,130,22.745
148,3.42,23.4,163,26.2
149,3.59,24.4,172,27.525
150,3.85,27.3,190,30.1
151,3.92,24.8,115,23.1
152,3.82,23.3,122,23.325
153,3.6,22.2,119,20.935
154,3.92,23.6,124,22.195
155,3.32,22.8,132,24.43
156,3.05,19.1,93.6,16.905
157,3.72,25.5,147,27.43
158,3.46,20.6,110,19.865
159,3.29,19.1,104,18.37
160,3.22,20.3,112,19.27
161,3.64,22.4,112,21.5
162,3.47,22.4,132,23.285
163,4.05,25.2,146,25.96
164,3.75,24.3,164,26.485
165,4.05,31.3,223,34.61
166,4.04,32,218,35.315
167,3.51,22.6,104,20.655
168,3.87,24.3,120,23.355
169,3.95,25,148,25.71
170,4.54,24.6,135,23.595
171,3.79,25.6,129,25.885
172,4.95,28.5,147,28.35
173,4.37,26.2,125,25.15
174,3.89,24.9,120,24.01
175,4.16,26.2,118,24.66
176,4.32,26.7,139,26.385
177,5.03,34.9,173,33.62
178,3.8,25.8,150,27.27
179,5.53,40,227,40.435
180,3.21,19,107,18.59
181,3.4,19.5,99.4,17.905
182,3.13,17.4,91,15.53
183,3.14,18.3,103,18.03
184,2.98,17.9,85.9,15.925
185,3.12,18.9,93.2,17.37
186,3.28,21.1,110,20.46
187,3.27,20.2,109,19.85
188,3.19,19.5,102,18.77
189,2.97,18.3,97,17.7
190,3.1,19.8,104,19.755
191,3.21,21.2,106,20.575
192,3.24,21.4,107,20.885
193,3.27,21.4,105,20.965
194,3.1,20.5,101,19.425
195,3.71,25.4,125,25.725
196,3.4,22.4,106,21.59
197,3.27,20,102,19.045
198,3.03,17.3,88.5,15.52
199,2.52,14.1,55.6,8.1
200,3.1,17.5,89.5,15.565
201,3.4,21.6,123,22.425
202,3.67,23.1,128,23.42
203,3.97,23.5,121,22.74
204,3.61,22.1,121,21.935
205,3.43,21.6,115,21.72
206,3.7,21.9,121,22.355
207,3.6,20.4,107,19.995
208,3.46,20.5,116,20.265
209,4.09,26.6,165,26.07
210,3.51,22.5,118,21.26
211,3.18,19.8,111,20.095
212,3.56,21.4,112,20.845
213,3.84,23.4,133,23.905
214,3.98,24.1,142,24.495
215,4.19,26.5,153,26.02
216,5.14,35.7,207,34.035
217,4.97,34.8,225,36.11
218,5.24,41,252,40.855
219,4.92,35.9,231,36.84
220,3.94,27.2,191,30.005
221,3.5,23.4,136,24.895
222,3.38,22.6,138,24.385
223,3.59,22.9,137,23.69
224,3.69,23.5,146,24.315
225,3.65,23.3,141,24.28
226,3.55,24,165,26.125
227,4.46,30.7,223,32.5
228,5.01,44.2,274,42.94
229,7.45,94,313,56.22
230,5.27,42.2,269,41.825
231,5.41,38,246,38.85
232,4.25,29.7,202,32.305
233,4.79,31.6,203,33.67
234,3.96,23.4,128,22.57
235,4.02,24,133,23.625
236,3.42,22.7,135,23.505
237,3.67,22.1,118,21.82
238,3.8,20.9,119,21.33
239,3.46,21.3,127,22.82
240,3.61,20.4,106,18.775
241,3.86,24.5,127,24.83
242,4.29,29,158,31.585
243,3.9,25.6,182,27.245
244,3.55,22.8,122,22.855
245,3.67,23.7,128,23.9
246,3.92,23.6,121,22.905
247,4.01,23.2,123,22.41
248,4.03,24,132,24.16
249,4.07,24.2,138,24.6
250,3.98,25.7,136,26.44
251,4.53,35.4,174,35.77
252,7.31,104,263,64.12
253,9.23,133,315,69.015
254,5.7,53,203,45.93
255,5.8,48.7,187,43.145
256,5.66,45.6,187,41.61
257,5.49,45.7,195,42.165
258,5.53,50.2,203,44.84
259,4.25,24.3,125,23.35
260,4.5,22.6,90.5,17.83
261,6.12,60.1,200,48.825
262,6.13,58.8,214,48.455
263,5.53,40,227,40.145
264,5.01,28.2,146,27.8
265,4.46,21.3,83.1,16.08
266,3.44,24.3,170,26.42
267,3.64,24.7,157,26.705
268,3.73,28,203,30.74
269,4.77,32.8,223,34.475
270,4.31,34.7,238,36.99
271,4.25,30.2,187,31.615
272,4.85,31.3,164,29.485
273,3.61,25.6,163,26.88
274,3.88,25.1,156,25.79
275,5.61,31.5,189,32.41
276,5.38,29.7,195,31.195
277,4.96,27.2,206,30.81
278,4.7,43,282,43.06
279,6.56,100,328,56.055
280,4.05,31,236,35.57
281,3.45,21,157,24.45
282,3.45,19.1,131,19.645
283,3.84,21.2,148,20.68
284,4.13,24.4,159,24.98
285,4.22,27.6,184,29.415
286,4.13,30.4,221,33.85
287,3.99,28.7,212,32.405
288,4.24,30.8,204,33.91
289,4.39,33,204,35.935
290,3.81,27,132,27.1
291,3.76,26.8,160,28.535
292,3.81,27.3,193,30.155
293,3.94,30.1,221,33.645
294,4.1,34.1,248,36.995
295,4,31.6,227,34.785
296,3.82,25.5,178,28.63
297,3.82,25.1,196,29.175
298,4.46,31.6,227,34.93
299,3.96,26.9,182,28.805
300,3.64,24.6,147,26.475
301,3.61,24.8,167,27.52
302,3.48,24.1,162,26.395
303,3.98,27.1,164,28.06
304,5.72,47.4,255,43.955
305,4.73,41.6,249,42.15
306,4.72,39.7,251,41.16
307,6.15,84.5,291,54.11
308,3.67,26.6,204,30.84
309,4.09,31.8,226,34.355
310,3.9,27.3,188,29.875
311,3.63,26.2,156,26.66
312,3.22,23.4,136,24.72
313,3.24,21,130,22.52
314,3.13,20.7,142,22.705
315,3.08,19.6,107,18.985
316,3.15,20.6,114,20.54
317,3.16,20.9,117,21.53
318,3.08,19.6,115,19.7
319,3.41,20.6,124,20.31
320,3.58,26,196,29.905
321,3.59,23.3,145,24.675
322,3.58,24.4,160,26.43
323,3.41,23.2,156,25.185
324,3.62,26.1,165,28.365
325,3.43,23.5,135,23.58
326,3.38,21.4,119,20.71
327,3.38,20.9,109,19.215
328,3.18,19.5,113,19.22
329,3.13,19.4,107,18.79
330,3.39,21,155,18.815
331,3,20.1,119,20.44
332,3.16,20.1,115,20.495
333,3.4,20.7,117,20.9
334,3.1,19.4,105,18.945
335,3.01,18.3,105,18.21
336,3.19,18.9,108,18.86
337,3,17.6,111,17.505
338,2.99,17.1,95.2,14.72
339,3.23,17.7,93.7,15.005
340,3.26,17.3,85.4,14.355
341,3.05,17.2,97.8,16.47
342,3.32,21.6,122,23.7
343,3.51,23,150,26.145
344,2.8,14.5,74.9,12.2
345,2.89,15.4,86.3,14.05
346,2.95,15.2,80.7,13.2
347,2.94,16.6,102,16.87
348,2.83,15,77.5,12.755
349,2.87,13.6,59.7,9.375
350,2.84,14.6,76.2,12.39
351,2.87,15.7,87.4,14.64
352,3.1,17.2,95.6,16.145
353,3.13,17.5,94.8,16.455
354,2.96,17.7,106,17.98
355,3.01,17.1,92.8,16.305
356,2.98,16.7,94.5,16.025
357,2.84,15.8,87,14.755
358,2.83,15.6,87,14.89
359,2.94,17.5,106,18.085
360,2.92,16.9,93.5,16.105
361,3.36,20.8,107,19.235
362,3.47,23.8,130,24.61
363,4.36,25.1,139,27.415
364,3.83,22.2,120,21.445
365,3.34,21.2,105,19.03
366,3.99,22.2,102,16.415
367,3.35,21,110,19.175
368,3.2,21.8,130,22.585
369,3.12,23.4,136,25.24
370,4.41,29,177,27.665
371,4.54,32.8,215,34.85
372,5.94,45.2,241,43.28
373,5.71,47.3,250,44.47
374,4.07,29.4,200,30.47
375,4.12,31,204,31.87
376,3.78,29.8,217,32.86
377,3.59,27.2,209,31.695
378,3.74,27.5,187,31.105
379,2.97,21.3,175,24.165
380,4.35,39.7,200,39.755
381,8.75,105,252,65.77
382,9.14,113,264,68.325
383,3.97,37.5,209,39.3
384,3.6,28.1,213,31.675
385,3.72,29.5,220,32.95
386,5.46,41.8,275,40.71
387,5.17,44.6,281,42.795
388,5.36,53.8,285,46.825
389,5.04,39.7,241,40.985
390,3.48,20.3,126,18.7
391,3.86,27.3,153,29.88
392,3.19,21.6,139,24.055
393,3.77,25.2,163,26.2
394,3.7,25.4,138,24.875
395,3.3,21.4,123,22.07
396,3.81,23.9,139,25.235
397,3.7,26.2,158,29.385
398,2.61,17.1,92.1,16.75
399,6.36,68.6,190,52.875
400,16.1,106,233,72.16
401,27.2,119,239,79.215
402,28.9,129,258,81.275
403,5.74,76.6,231,54.945
404,4.04,30.2,170,31.525
405,3.44,24.1,152,26.535
406,3.25,21.7,128,23.16
407,3.13,19,104,18.37
408,3.36,20.5,109,19.945
409,3.17,19.6,107,19.39
410,3.36,21.3,120,21.72
411,3.79,24.5,142,24.855
412,3.72,25,153,25.84
413,3.79,24.8,146,23.99
414,3.84,20.4,108,17.52
415,3.59,27.6,156,29.61
416,4.3,35.8,150,33.355
417,4.79,47.6,179,42.53
418,5.44,56.4,190,46.95
419,9.32,102,245,66.58
420,6.79,70.9,206,53.685
421,6.72,67.4,194,52.17
422,6.68,69.5,209,53.025
423,6.14,67.7,217,52.14
424,6.15,60.6,195,49.005
425,6.39,67.2,202,51.905
426,6.66,67.3,205,51.99
427,6.4,64.8,200,50.92
428,3.84,28.4,169,30.695
429,6.59,68.5,202,52.585
430,5.52,51.9,197,44.935
431,4.27,35.9,179,36.68
432,2.82,20,194,23.45
433,3.63,21.5,126,21.12
434,3.22,19.9,106,19.395
435,3.43,21.4,107,20.4
436,3.32,20.5,118,20.67
437,3.23,20.3,118,20.595
438,3.34,20.5,122,20.975
439,4.08,28.7,178,30.79
440,3.85,26.3,174,29.405
441,3.98,27.2,199,31.565
442,3.65,22.9,148,25.79
443,3.35,22.2,140,25.525
444,8.15,96.1,236,63.63
445,14,129,280,75.655
446,5.03,42.6,195,41.67
447,6.05,74.2,234,53.6
448,6.9,80.7,206,57.245
449,37.6,146,288,85.33
450,8.95,125,332,70.005
451,12.5,116,260,72.84
452,4.01,35.1,186,38.595
453,3.15,21.3,122,21.635
454,3.61,20.2,113,19.765
455,3.49,20.2,121,20.59
456,3.31,19.8,118,20.195
457,3.19,19.3,109,18.985
458,3.29,20.2,118,20.465
459,3.44,20.2,117,19.635
460,3.31,20.6,115,20.47
461,3.24,21.3,119,21.355
462,3.41,22.7,145,24.98
463,3.34,23.2,160,26.94
464,3.06,20.2,141,23.04
465,2.62,15.7,75.6,13.025
466,2.97,19.8,131,22.43
467,3.23,25.6,145,28.875
468,4.41,47.4,242,44.96
469,3.13,24.3,165,28.285
470,2.69,17.2,99.7,17.235
471,2.71,18.2,123,19.98
472,2.83,19,121,21.075
473,2.98,20.3,147,23.865
474,3.06,21.4,159,25.24
475,3.18,21.4,167,25.14
476,3.08,18.8,139,21.335
477,3.42,21.9,142,23.08
478,3.31,23.1,113,22.195
479,2.9,21.6,114,21.65
480,2.86,20.5,106,19.86
481,3.09,20.7,97.6,19.14
482,3.34,22,97.6,19.64
483,3.65,27.4,113,24.54
484,3.3,23.4,103,21.255
485,2.78,17.4,84.8,15.445
486,2.67,15.8,80.1,13.955
487,2.58,15,80.6,14.055
488,3.18,19.4,97.9,19.21
489,2.62,16.9,89.1,16.665
490,2.41,13.6,64.2,10.37
491,2.59,16.7,71.7,12.54
492,2.62,17.9,74.5,13.71
493,2.85,18.8,98.6,18.145
494,4.02,32.4,192,34.645
495,3.66,28.1,140,27.385
496,3.24,26.8,122,25.195
497,3.09,27.2,152,27.465
498,3.24,25.9,160,27.335
499,3.23,29.6,160,29.69
500,3.22,27,142,26.87
501,3.52,27.5,116,24.795
502,3.28,26.6,133,26.375
503,3.31,28.5,140,27.695
504,3.01,23.9,109,23.5
505,3.22,25,118,24.9
506,3.19,26.1,123,26.68
507,3.37,26.9,119,26.81
508,3.41,27.9,119,27.71
509,3.42,27.2,117,26.62
510,3.29,26.2,117,26.045
511,3.47,27.1,122,27.27
512,3.15,25.4,140,28.78
513,3.47,29.9,136,31.805
514,3.81,33.2,156,35.085
515,4.18,36.8,155,37.015
516,4.32,38.5,154,37.585
517,4.82,49.5,178,43.735
518,7.01,74.4,210,55.35
519,11.2,91.7,235,63.83
520,15.9,103,247,69.75
521,17.4,113,274,72.825
522,13.4,108,271,69.725
523,10.9,95,236,65.04
524,14.4,105,258,69.89
525,22.2,117,293,75.9
526,20.7,118,287,75.705
527,17.6,125,298,75.755
528,10.5,112,272,68.865
529,14.5,121,284,73.6
530,15.6,115,255,73.555
531,10.8,110,263,68.575
532,17.5,120,276,75.26
533,15.5,120,271,74.185
534,21.5,132,300,78.27
535,18.3,128,295,76.5
536,15.2,136,328,75.42
537,18.4,142,355,78.065
538,27.9,150,345,82.205
539,27.6,146,314,82.17
540,25.8,147,325,81.81
541,24.5,142,322,80.855
542,26.5,155,375,82.3
543,23,142,357,80.245
544,29.5,158,398,82.805
545,24.9,154,416,81.675
546,21.3,159,399,80.98
547,32.6,177,481,84.325
548,24.3,165,495,81.37
549,27.5,190,560,82.925
550,20.8,187,573,80.395
551,14.1,149,500,75.135
552,12.7,169,577,75.56
553,13.3,159,567,75.18
554,14.6,182,637,76.845
555,14.2,180,680,76.175
556,14.8,158,584,76.625
557,21.2,179,563,81.34
558,14.9,206,671,77.905
559,11.4,172,621,74.26
560,14.8,215,729,77.74
561,11.9,159,612,73.9
562,4.75,54.7,146,45.835
563,15.2,187,669,77.34
564,4.81,52.4,159,45.155
565,17.7,203,711,78.63
566,12.5,176,657,74.265
567,10.6,148,627,71.65
568,13.2,219,714,76.53
569,13.7,185,659,76.82
570,16.9,215,641,80.43
571,14.9,235,719,83.315
572,9.17,138,567,69.785
573,7.25,131,583,65.9
574,10.5,165,639,72.68
575,10.2,149,563,71.25
576,8.73,132,512,67.825
577,8.54,97.4,366,63.35
578,7,86.4,269,58.65
579,7.4,85.8,248,58.825
580,6.55,95.2,295,57.735
581,3.78,34.6,223,37.905
582,4.5,49.1,285,45.39
583,3.95,33.8,210,35.575
584,4.44,37.2,214,38.295
585,6.02,65.9,255,50.905
586,6.17,67.9,273,51.47
587,7.57,98.6,269,58.915
588,9.87,120,296,69.735
589,4.55,38.7,213,39.04
590,3.95,30,199,32.79
591,3.84,33.4,221,36.88
592,7.1,99.2,282,57.705
593,3.29,23,148,24.62
594,3.82,27.7,161,29.13
595,3.02,21.6,161,24.595
596,3.09,20,121,22.165
597,4.15,27.1,183,30.28
598,4.29,26.1,151,25.36
599,4.22,28.1,138,28.225
600,4.77,41,191,40.42
601,19.8,134,337,77.505
602,3.46,23.1,145,25.955
603,3.5,21.1,152,24.01
604,3.24,18.5,97.9,17.42
605,3.74,25.8,157,28.62
606,3.76,26.5,173,29.675
607,5.19,60.1,268,49.27
608,3.09,19.7,114,20.855
609,3.93,26.2,197,29.495
610,4.62,40.4,241,41.09
611,4.09,29.6,200,33.25
612,3.66,28.5,195,32.115
613,3.58,27.1,176,29.625
614,3.68,27.3,181,30.425
615,4.12,32.1,183,34.75
616,10.5,112,256,70.165
617,13.3,120,271,72.86
618,7.7,96.5,251,61.62
619,4.07,35.9,214,37.58
620,4.62,42.1,222,41.475
621,4.41,45,241,43.615
622,4.23,41.8,211,41.795
623,5.66,90.1,306,56.815
624,4.05,42.7,242,42.155
625,4.67,47.2,263,44.62
626,28.7,182,390,84.055
627,21.5,177,386,81.75
628,28.6,191,411,84.59
629,22.5,178,379,82.265
630,22.4,151,309,81.74
631,12.2,126,274,74.97
632,12.7,136,310,75.955
633,2.99,20.7,150,24.5
634,6.56,83.5,267,56.255
635,3.67,31.7,201,35.96
636,3.78,31.6,181,34.49
637,6.81,84.9,223,59.71
638,6.82,83.6,220,59.15
639,3.65,25.8,165,28.485
640,4.15,35.5,225,37.51
641,3.48,25.2,172,27.525
642,3.65,25.3,138,26.25
643,4.28,34.2,225,35.99
644,3.11,25.3,148,26.91
645,3.36,24.1,154,26.805
646,3.5,28.7,186,31.905
647,3.27,23.9,159,27.265
648,3.37,24.2,149,26.515
649,3.56,27.2,169,29.59
650,4.34,37.1,243,39.26
651,3.89,30.1,210,33.57
652,4.32,41.1,248,41.7
653,3.07,21.9,134,23.715
654,3.26,23.1,132,25.185
655,3.29,25.5,167,28.96
656,3.83,33.6,184,35.16
657,3.41,26.1,138,26.565
658,3.18,23.9,158,27.135
659,3.33,25.6,155,28.88
660,3.41,26.3,181,29.645
661,3.17,23.9,159,28.065
662,3.24,22.9,123,22.98
663,2.87,22.2,127,24.325
664,2.91,20.8,130,21.755
665,3.3,23.7,120,23.48
666,3.55,27.6,147,28.99
667,2.89,21.8,123,23.215
668,3.34,22.5,142,25.105
669,2.89,20.3,126,22.5
670,3.76,23.7,135,24.38
671,3.05,20.7,115,21.68
672,2.99,22.5,120,22.79
673,3.53,22.1,112,22.345
674,4.38,30.4,155,31.405
675,3.14,19.8,125,22.19
676,3.29,20.9,130,21.45
677,3.14,23.3,161,26.285
678,2.89,22,138,25.105
679,3.41,23.9,111,21.74
680,2.76,20.1,112,21.54
681,2.77,18.7,110,20.68
682,2.95,19.4,121,21.6
683,2.84,23.3,165,28.79
684,4.89,33.3,225,37.65
685,3.2,18.5,95.7,16.57
686,17.1,118,264,75.15
687,3.86,27.5,141,28.52
688,2.94,22.8,138,26.72
689,2.44,17.3,109,19.99
690,2.59,17.2,101,18.32
691,2.9,20.3,106,20.96
692,2.64,19,105,20.05
693,3.12,21.2,97.2,18.19
694,3.02,21.7,121,21.975
695,2.56,19.7,111,21.315
696,2.56,17.5,136,18.935
697,2.99,20.9,97.9,18.55
698,3.05,21.9,99.9,19.485
699,2.27,15.1,80.2,13.82
700,2.49,18.2,103,19.08
701,2.19,16.2,96.7,17.2
702,2.88,20.6,108,20.83
703,2.56,19.2,101,19.525
704,2.63,20.8,106,21.47
705,2.49,19.3,106,20.015
706,2.79,19.6,118,20.765
707,3.05,21.2,146,24.51
708,3.21,25.1,183,28.94
709,4.56,42.1,261,42.47
710,4.53,56.6,212,47.595
711,4.41,30,164,30.305
712,2.57,20.2,129,23.075
713,2.92,20.9,131,23.3
714,2.78,20.5,134,23.155
715,2.63,20.4,130,22.96
716,3.2,23,135,24.615
717,3.27,26.7,178,30.665
718,3.5,31.9,217,36.03
719,3.1,27.1,192,31.065
720,2.82,27.4,203,31.51
721,2.7,19.2,100,19.205
722,2.59,18.9,105,19.8
723,2.67,17.5,102,18.24
724,2.48,20.1,114,20.91
725,3.44,22.8,145,26.535
726,2.86,21.7,162,24.81
727,2.72,19.3,113,20.87
728,2.7,19.9,121,21.7
729,2.53,19.8,142,23.05
730,2.92,23.1,162,27.045
731,3.93,29.2,186,32.49
732,3.7,28.3,184,32.165
733,3.72,27,150,29.29
734,3.84,31.4,190,33.9
735,3.43,28.3,175,31.54
736,3.54,25.9,166,28.855
737,4.29,22.2,168,26.85
738,3.96,26.2,147,30.11
739,6.23,71,199,53.59
740,16.5,116,250,74.56
741,24.3,135,277,80.7
742,28.5,134,277,81.44
743,4.75,60.3,190,48.99
744,11.5,134,323,74.665
745,11.8,136,348,74.52
746,4.24,23,147,22.975
747,3.08,20.6,123,22.655
748,3.42,19.6,95.6,18.745
749,3.51,19.2,124,19.205
750,3.27,22.6,156,25.935
751,3.21,20.3,135,22.975
752,3.18,21.3,134,23.9
753,3.36,23.4,153,26.87
754,3.58,24.9,170,28.855
755,3.96,28.2,209,32.625
756,4.37,33.9,220,37.25
757,4.04,28.4,193,31.26
758,3.13,19.5,116,20.22
759,3.33,23.4,143,25.895
760,3.03,21.9,136,24.135
761,3.22,19.2,116,20.345
762,3.23,20.5,126,22.585
763,3.21,20.9,123,20.675
764,3.18,20.4,119,21.04
765,2.98,20.2,113,20.49
766,3.4,23.8,129,23.89
767,3.26,22.1,121,22.39
768,3.37,23.3,148,24.965
769,3.03,21.1,128,23.105
770,3.06,23.2,132,25.04
771,3.29,22,120,22.88
772,3.17,23.8,143,26.73
773,3.34,25.7,142,28.245
774,3.5,24.6,133,27.51
775,3.43,20.9,138,24.185
776,3.74,21.3,112,20.31
777,3.85,23.2,138,24.51
778,3.19,22.2,121,23.775
779,3.7,28,136,28.79
780,3.54,29.1,137,29.535
781,3.6,28.8,137,29.695
782,2.96,16.5,92.2,16.39
783,3.25,24.4,128,25.91
784,3.63,25.5,139,28.13
785,3.42,24.3,134,26.72
786,3.21,25,119,24.335
787,3.42,24.4,142,26.8
788,3.41,21,130,23.095
789,3.65,28.2,195,32.465
790,3.52,25.7,127,26.4
791,3.22,19.1,98.7,16.23
792,3.49,24.6,165,28.72
793,3.34,24.4,150,27.705
794,3.43,24.4,189,30.585
795,3.09,20.9,131,23.035
796,3.26,21.4,148,24.895
797,3.94,29.8,213,34.19
798,2.98,20.3,111,21.485
799,3.18,22.8,125,24.78
800,3.7,24.3,154,27.285
801,3.36,22.2,139,23.925
802,3.29,20.5,117,20.35
803,3.16,21.2,131,23.455
804,3.13,21.3,145,23.975
805,3.14,22.5,151,26.295
806,3.38,25.1,153,28.315
807,3.31,24.3,140,26.895
808,3.38,23.5,139,25.97
809,2.92,20.6,169,23.675
810,4.32,32.6,210,35.46
811,4.22,35.2,199,38.01
812,3.7,27.9,151,29.775
813,3.58,30.5,159,32.85
814,10.2,104,254,67.595
815,7.15,83.2,234,58.59
816,5.3,52.1,194,45.13
817,4.18,31.2,146,32.315
818,4.02,31.7,163,33.355
819,4.1,35,184,36.115
820,3.89,28.7,149,30.06
821,3.57,25.1,170,29.965
822,3.55,27,174,31.375
823,4.14,33.3,202,36.795
824,4.12,30.7,198,34.04
825,4.76,38.4,220,38.305
826,3.93,30.9,198,34.73
827,3.77,26,159,28.74
828,3.46,21.7,125,23.795
829,4.33,32,181,35.155
830,4.91,39.7,238,40.51
831,4,27.7,193,30.23
832,3.91,27,157,28.84
833,3.76,28.5,160,30.61
834,3.4,23.4,165,25.965
835,3.51,24,144,25.91
836,3.34,23.7,145,25.985
837,3.08,23.9,147,26.25
838,6.64,74.1,296,52.77
839,3.4,23.4,134,24.815
840,3.77,23.9,110,23.25
841,3.92,25,122,23.82
842,3.18,22,112,22.13
843,3.87,26.5,135,27.515
844,3.56,23.4,137,25.315
845,3.42,21.7,117,22.63
846,3.28,23.1,124,24.725
847,3.02,20.5,121,22.505
848,3.29,22,126,24.37
849,3.18,24.5,143,28.105
850,3.98,37.8,166,38.465
851,17.5,112,239,74.245
852,33.1,132,268,82.62
853,12.3,111,256,71.295
854,2.9,19.5,109,20.8
855,3.18,20.7,106,21.405
856,2.87,20.2,120,23.105
857,3.11,21.1,116,23.345
858,3.1,19.5,118,21.995
859,3.01,21.1,119,23.565
860,2.87,19.5,108,21.21
861,2.7,18.7,111,21.04
862,2.85,18.2,106,19.13
863,2.8,17.3,104,18.27
864,3.2,22.1,117,23.225
865,2.98,18.6,99.5,18.415
866,2.8,17.7,104,18.5
867,3.04,17.2,90.4,15.16
868,2.54,16.6,103,17.835
869,2.5,16.4,90.2,15.565
870,3.1,20.9,118,22.685
871,2.74,18.8,108,20.285
872,2.88,20.2,111,21.54
873,3.45,20.8,110,21.36
874,2.64,19.5,130,21.95
875,3.22,22.1,125,22.88
876,3.04,21.2,117,22.815
877,3.2,22.5,132,25.17
878,3.23,27,170,31.49
879,3.14,22,124,24.04
880,2.85,18.2,123,21.405
881,2.86,19.7,118,22.135
882,2.99,20.3,122,22.07
883,3.36,24.8,172,29.295
884,2.58,17.7,109,19.62
885,3.65,31.3,156,33.455
886,5.59,58.3,172,47.58
887,2.95,20.4,124,22.63
888,3.21,23.6,153,26.92
889,5.05,63.2,288,50.13
890,3.42,22.4,144,26.08
891,3,20.3,105,20.33
892,2.84,21.7,115,23.4
893,2.84,20.8,117,22.28
894,3,19.1,112,21.015
895,3.15,23.2,151,27.185
896,3.38,24.2,157,26.86
897,3.28,22,109,21.48
898,3.67,21.7,130,22.93
899,3.25,20.1,115,21.015
900,3.22,20.6,135,23.62
901,3.41,22.8,136,26.185
902,3.33,22.7,141,26.26
903,2.92,21.8,140,26.775
904,3.85,41.6,185,41.465
905,7.11,90.5,223,61.535
906,21.5,123,260,78.01
907,9.38,95.3,234,64.63
908,8,92.6,245,61.88
909,3.68,36.2,211,39.48
910,3.41,26.7,163,31.24
911,3.7,31.8,168,35.495
912,3.52,28.1,162,32.02
913,4.69,51.6,189,45.205
914,4.01,41.4,166,39.755
915,3.89,27.9,155,30.76
916,3.29,26.8,184,31.3
917,4.9,56.7,211,47.555
918,2.97,22.1,120,23.935
919,3.27,23.1,127,26.15
920,2.9,20.5,113,22.025
921,2.83,20.1,175,25.29
922,3.35,24.1,127,26.375
923,3.2,22.8,155,25.83
924,3.5,28.8,251,35.37
925,3.54,22.8,123,23.595
926,3.59,22.8,112,22.95
927,3.08,20.8,114,21.68
928,3.03,22.8,143,26.07
929,2.85,20.3,123,23.01
930,2.88,22,121,24.325
931,3.14,21.3,121,24.025
932,3.57,22.4,136,26.15
933,3.6,32.1,222,35.805
934,2.91,22.8,127,25.35
935,2.95,22.3,130,24.99
936,6.32,73.9,196,55.25
937,6.85,76.3,198,56.51
938,12.5,96,216,67.37
939,2.86,20.6,124,24.45
940,2.89,20,116,22.345
941,2.95,20.1,136,23.93
942,3.2,20.2,114,21.39
943,3.07,20.5,116,22.525
944,2.99,20.8,117,22.755
945,3.19,22.7,126,25.465
946,3.05,20,114,21.53
947,2.92,18.7,110,21.08
948,2.93,21.9,126,24.89
949,2.88,20.4,118,22.68
950,2.54,16.9,111,19.635
951,2.32,13.1,82.9,14.085
952,2.71,16.3,94.3,17.605
953,2.74,19.2,106,20.45
954,2.94,19.9,109,20.49
955,3.29,21.5,112,21.91
956,2.29,13.5,57.8,8.67
957,2.75,18.2,101,18.74
958,2.89,20,109,20.57
959,3.02,20,107,20.965
960,3.14,21,116,22.24
961,3.21,21.2,110,21.335
962,3.13,21.9,117,23.41
963,4.41,28.1,154,27.915
964,3.3,21.5,131,23
965,3.53,26.5,175,30.32
966,3.54,24.2,145,25.895
967,3.56,21.2,124,21.455
968,3.19,24.4,135,27.87
969,3.15,18.5,98.2,17.755
970,3.15,21.1,119,23.095
971,3.22,19.8,122,22.035
972,3.06,19.4,107,19.885
973,3.15,19.3,109,20.055
974,3.17,19.8,107,20.06
975,3.72,22.6,124,23.375
976,3.16,22.9,137,24.985
977,2.98,22.6,154,26.235
978,2.7,18,94.7,17.805
979,2.84,18.4,110,19.89
980,3.13,23.3,139,26.06
981,3.16,24.5,129,26.065
982,3.34,22.6,117,25.115
983,2.99,20.2,107,20.335
984,3.18,21,121,22.43
985,3.04,22.9,125,25.28
986,7.65,89.2,212,62.23
987,32.5,132,271,82.59
988,31.2,144,302,83.36
989,48,154,310,87.03
990,59.6,159,304,89.35
991,44,148,281,86.75
992,18.8,122,261,77.135
993,3.24,33.9,143,36.2
994,2.9,24.3,149,27.55
995,2.6,19.4,127,21.665
996,2.54,17.9,107,19.655
997,2.47,15.4,86.1,15.375
998,2.32,18.2,104,19.525
999,2.83,19.3,103,19.46
1000,3.39,25.3,161,28.435
1001,3.27,21.6,106,19.485
1002,2.91,20.1,103,19.925
1003,2.93,20.8,108,20.65
1004,3.03,21.7,121,23.91
1005,2.92,19.7,108,20.96
1006,2.45,15.4,67.6,11.045
1007,2.93,19.6,112,22.125
1008,3.09,17.5,107,19.45
1009,3.21,22.3,124,24
1010,3.55,19.1,110,20.26
1011,2.79,18.8,118,21.19
1012,3.22,22.6,129,24.605
1013,2.82,19.2,118,19.605
1014,2.95,19.5,124,21.55
1015,2.93,21.5,123,23.25
1016,2.83,19.2,122,21.895
1017,3,19.9,111,20.755
1018,2.65,17.9,100,18.415
1019,2.86,19.1,103,18.85
1020,2.57,17.6,95,17.375
1021,2.8,17.4,98.5,17.89
1022,2.77,17,98.7,17.335
1023,3.24,26.7,149,31.945
1024,2.8,19.8,119,22.315
1025,3.18,25.8,127,27.37
1026,3.15,18.5,114,19.305
1027,2.77,19.4,114,21.245
1028,3.08,20.7,114,21.975
1029,2.81,16.4,86.7,15.34
1030,2.83,18.7,110,19.155
1031,2.8,19.2,116,20.685
1032,2.68,17.2,72.6,12.505
1033,3.1,19.8,110,19.485
1034,3.33,21.5,118,22.14
1035,3.72,24.8,136,24.185
1036,2.99,20.2,126,22.34
1037,2.99,22.1,139,25.54
1038,3.17,24.3,186,28.83
1039,3.69,28.8,214,33.58
1040,4.05,34.9,255,38.95
1041,3.25,21,117,22.34
1042,2.38,15.4,75.9,13.38
1043,2.99,25.7,148,30.47
1044,3.26,24.1,139,27.455
1045,3.7,19.7,97.6,17.52
1046,2.85,21.8,153,25.735
1047,2.64,19.3,118,21.625
1048,2.8,18.5,111,20.415
1049,2.9,19.5,119,21.495
1050,2.7,19.6,121,21.99
1051,2.87,18.5,109,18.435
1052,3.02,22.4,159,26.63
1053,2.69,18.2,128,21.365
1054,3.04,23.5,179,28.385
1055,2.92,20,139,23.47
1056,2.9,19.9,110,21.595
1057,2.85,18.7,108,19.705
1058,2.49,14.8,74.2,12.665
1059,2.7,18.5,127,21.81
1060,2.52,17.1,122,20.225
1061,2.88,19.8,164,23.885
1062,3.8,35.5,251,40.3
1063,3.01,24,195,30.24
1064,2.65,19.2,134,23.075
1065,2.57,16.9,98.8,17.605
1066,2.67,17.1,101,18.13
1067,2.32,15.8,102,18.135
1068,2.55,16.7,106,19.32
1069,2.94,17.9,115,20.515
1070,2.55,18.7,110,21.44
1071,2.12,14.6,99.7,17.575
1072,2.9,19.9,115,21.895
1073,4.6,49.4,184,44.28
1074,3.44,27.1,156,31.925
1075,3.03,22.1,142,25.445
1076,2.57,16.5,96,17.4
1077,2.64,16.8,102,18.47
1078,2.9,18.6,106,19.235
1079,3,18.7,105,19.43
1080,2.96,18.3,104,18.46
1081,3.03,19.3,108,19.77
1082,2.82,18.6,108,20.495
1083,2.83,17.4,96.7,17.355
1084,2.82,18.8,111,20.505
1085,3.05,19.3,159,24.91
1086,3.46,23.2,142,26.92
1087,3.44,30.3,157,34.215
1088,11.2,97.2,222,66.895
1089,3,19.3,111,20.53
1090,2.82,19.9,123,22.62
1091,3.04,21.4,120,23.315
1092,2.86,22.2,138,25.28
1093,3.08,22.5,130,24.725
1094,3.36,22,118,21.75
1095,3.53,22.7,123,23.21
1096,3.28,22,122,22.38
1097,3.16,21.7,120,22.055
1098,4,29.4,218,33.825
1099,3.07,20.9,131,23.435
1100,2.86,20.2,123,22.415
1101,3.09,22.6,138,25.44
1102,3.41,23.7,173,27.905
1103,3.22,23.6,165,27.03
1104,3.64,28.1,188,31.6
1105,3.42,25.2,182,29.485
1106,3.11,22.2,137,24.99
1107,3.28,21.2,131,24.015
1108,2.87,19.5,123,22.07
1109,2.9,20,111,20.915
1110,3.2,22.4,119,23.535
1111,2.9,18.6,111,19.73
1112,3.04,21.4,118,21.155
1113,3.11,19.3,116,20.075
1114,2.92,18.9,142,22.355
1115,3.05,18.1,113,18.735
1116,3.06,17.8,118,19.335
1117,2.81,19.7,151,23.765
1118,2.77,16.8,105,17.96
1119,2.83,19.1,119,20.97
1120,2.85,18.1,109,19.335
1121,3.06,19.7,122,21.95
1122,3.12,21.3,143,25.065
1123,3.36,23,148,25.865
1124,3.78,30.7,240,35.24
1125,3.06,21.4,144,24.525
1126,3.25,21.2,128,23.06
1127,3.14,20,109,20.46
1128,3.12,22.9,123,23.26
1129,3.09,21.8,138,23.74
1130,3.8,23,134,24.33
1131,3.53,20.8,130,22.36
1132,3.65,25,142,27.43
1133,3.48,24.5,142,27.25
1134,3.46,24.2,143,27.01
1135,3.99,26.5,127,26.215
1136,20.8,110,231,75.16
1137,38.5,122,242,82.05
1138,5.26,30,110,25.39
1139,4.34,30.2,138,30.245
1140,6.77,61.8,188,49.56
1141,5.88,36.4,149,33.775
1142,17.5,102,207,71.705
1143,52.4,136,261,86.89
1144,42.1,129,260,83.735
1145,14.8,111,253,72.47
1146,11.1,59.2,223,48.49
1147,12.3,116,304,64.31
1148,2.79,17.1,115,18.34
1149,2.79,19.6,135,21.895
1150,3,22.4,147,24.94
1151,3.53,24.2,148,25.105
1152,2.92,19.7,126,22.005
1153,2.67,18.2,117,20.505
1154,2.82,21.8,135,25.605
1155,2.65,18.9,114,20.975
1156,3.25,22.9,139,25.85
1157,3.22,21.3,130,23.435
1158,3.11,23.9,166,27.56
1159,3.21,24.8,171,28.88
1160,3.13,20.7,159,24.535
1161,3.28,25.3,193,29.32
1162,2.77,19.5,118,21.405
1163,3.05,21.2,119,22.625
1164,3.03,23.4,159,27.495
1165,3.19,19.3,117,21.005
1166,2.78,18,126,19.64
1167,3.27,21.7,158,24.79
1168,3.24,23,170,26.37
1169,2.79,19.1,124,21.435
1170,3.05,21.9,135,23.56
1171,2.8,19.6,112,20.62
1172,2.56,17.3,93.6,16.75
1173,3.86,35.3,205,37.29
1174,3.52,34.8,197,38.12
1175,3,24,173,27.99
1176,3.2,25.6,183,30.42
1177,3.04,23.7,179,30.44
1178,2.82,20.8,143,24.165
1179,2.82,20.5,132,22.61
1180,4.21,26.5,168,28.785
1181,3.4,21.7,151,24.4
1182,2.87,21.3,134,24.44
1183,2.95,20.5,129,23.59
1184,2.66,20.7,147,25.01
1185,2.53,15.9,83.8,15.645
1186,3.11,20.1,125,22.735
1187,2.59,17.9,114,19.585
1188,2.36,16.4,105,18.335
1189,2.39,16.4,101,17.995
1190,2.44,17.4,106,19.32
1191,2.53,17.7,109,20.17
1192,2.68,20.1,121,22.375
1193,2.63,19,113,21.215
1194,3.17,23.9,124,24.98
1195,2.89,19.2,112,20.995
1196,2.67,19.4,129,22.315
1197,3.06,22.3,142,25.465
1198,3.49,34.4,211,38.05
1199,2.86,22.9,135,25.57
1200,2.74,20.6,115,22.405
1201,2.51,19.7,115,21.835
1202,2.76,20.1,115,21.59
1203,2.31,16.3,90.2,16.085
1204,2.74,18.1,100,18.74
1205,2.52,17.5,103,18.93
1206,2.87,19.7,151,23.915
1207,2.61,16.5,95.8,17.215
1208,2.6,18.1,107,19.335
1209,2.05,13.8,84.6,13.82
1210,2.37,17.7,107,19.84
1211,2.89,18.9,104,19.27
1212,2.73,18.5,102,19.495
1213,2.76,18.6,107,19.54
1214,2.41,16.3,97.4,17.69
1215,2.47,17.1,98.9,18.295
1216,2.43,17.3,99.3,17.85
1217,2.64,18.1,100,18.35
1218,2.69,17.6,97.3,17.81
1219,3.02,21.3,127,23.15
1220,2.49,17.5,106,18.965
1221,2.4,18,110,19.825
1222,2.48,19.7,110,21.32
1223,2.63,20.2,121,22.255
1224,2.86,23.1,121,24.845
1225,2.79,19.6,157,24.195
1226,3.6,33.7,226,39.345
1227,2.45,16.7,120,19.665
1228,2.29,16.9,98.6,17.855
1229,2.32,17.7,95.6,17.57
1230,2.37,17.9,106,20.09
1231,2.99,19.7,105,20.005
1232,3.55,22.5,103,20.76
1233,3.61,23,105,21.755
1234,3.61,23,105,21.78
1235,3.57,21.9,100,20.13
1236,3.73,23.8,108,22.815
1237,3.71,24.4,113,23.96
1238,3.67,23.6,111,23.06
1239,3.67,23.8,111,23.06
1240,3.48,23,108,22.315
1241,3.65,24.5,113,24.065
1242,3.66,24.9,117,24.97
1243,3.85,25.4,117,25.22
1244,3.87,26.8,121,27.06
1245,3.63,26.1,125,26.63
1246,3.79,27.2,128,27.675
1247,3.79,27.7,132,28.705
1248,3.77,27.6,133,28.455
1249,3.75,27.6,131,28.75
1250,3.91,29.1,136,30.03
1251,3.84,28.1,134,29.43
1252,3.62,26.3,124,27.28
1253,3.6,26,128,27.155
1254,3.5,25.3,127,26.565
1255,3.73,27.5,136,28.83
1256,3.71,28.5,139,30.105
1257,3.66,27.7,136,29.345
1258,3.76,26.6,126,27.285
1259,3.65,28.2,133,29.995
1260,5.38,61.8,191,49.61
1261,4.01,32.2,147,33.85
1262,3.95,30.6,138,31.83
1263,4.3,36,140,35.43
1264,4.5,42.4,153,39.66
1265,5.34,55.5,160,46.245
1266,4.92,48.5,157,42.76
1267,9.71,83.9,187,62.6
1268,8.74,84.5,186,62.15
1269,6.14,72.2,193,54.405
1270,16.9,107,223,73.9
1271,18.2,111,244,74.245
1272,23.9,127,279,78.4
1273,53,152,295,87.665
1274,48.6,145,295,86.095
1275,43.9,156,327,86.25
1276,27.2,156,345,82.675
1277,38.7,158,344,84.99
1278,54.8,182,458,88.22
1279,51.4,187,473,87.715
1280,4.1,46.5,215,43.525
1281,2.51,19.6,120,22.865
1282,2.7,19.3,108,20.405
1283,2.59,18.1,93.7,17.87
1284,2.72,18.8,114,20.995
1285,2.4,16.4,98.6,17.815
1286,2.29,14.7,97.1,17.03
1287,2.3,14.8,91.7,16.01
1288,2.1,14.5,92.7,15.965
1289,2.26,15.9,103,18.27
1290,2.22,16.3,98.6,17.64
1291,2.22,15.8,98.1,17.545
1292,2.33,16.2,102,18
1293,1.84,15.5,101,18.115
1294,1.93,14.8,88.2,15.315
1295,1.92,15.5,96.2,17.125
1296,1.94,14.2,88,15.205
1297,2.11,14.5,88.8,15.025
1298,1.96,15.3,98.6,17.38
1299,2.33,18.4,125,22.72
1300,2.45,20.1,134,24.26
1301,3.08,28,153,32.995
1302,3.86,57.2,185,47.78
1303,2.98,32.9,155,36.285
1304,2.31,18,120,22.045
1305,2.18,17.2,98.8,18.64
1306,2.37,17.6,106,20.18
1307,2.32,21.6,134,26.09
1308,2.13,15.8,93.9,16.715
1309,2.01,15.6,96.2,17.685
1310,2.03,15.3,92.4,16.32
1311,2.38,15.6,86.9,15.635
1312,2.55,21,115,23.32
1313,2.7,19,120,22.52
1314,2.79,18,104,18.96
1315,2.85,19.3,117,21.205
1316,3.21,20.7,149,23.185
1317,3.31,24.5,187,28.43
1318,2.74,18.5,106,19.245
1319,2.69,20.8,127,23.065
1320,4.15,35.6,167,37.625
1321,5.42,63.6,193,50.335
1322,3.24,21.5,125,23.38
1323,3.69,29.7,220,35.305
1324,3.09,22.3,147,27.2
1325,3.63,25,189,30.92
1326,3.27,20.9,135,23.605
1327,3.21,19.5,111,20.085
1328,3.28,19.7,133,22.26
1329,3.09,19.4,151,23.135
1330,3.36,21.6,185,26.05
1331,3.77,34.3,188,37.715
1332,2.93,19.1,136,22.175
1333,2.68,16.8,128,19.195
1334,2.4,14.1,72.6,12.025
1335,2.43,13.3,61,9.57
1336,5.58,58,183,47.565
1337,4.17,32.6,154,34.595
1338,11.9,101,232,67.93
1339,9.15,95,223,64.41
1340,3.32,23.3,145,26.305
1341,3.15,19.9,127,21.83
1342,3.21,19.2,126,20.87
1343,2.93,18.4,115,20.085
1344,2.8,16.4,86,15.325
1345,2.94,21.7,115,22.925
1346,3.99,31.8,172,34.145
1347,3.47,32.5,248,39.09
1348,5.39,32.1,237,35.995
1349,3.33,23.1,139,25.11
1350,3.55,24.2,177,28.98
1351,3.22,20.2,150,23.57
1352,3.63,25.7,202,31.185
1353,3.22,21.6,156,25.835
1354,3.05,20.4,154,23.86
1355,3.22,22,159,26.29
1356,3.14,21.9,148,25.085
1357,2.61,16.6,107,16.88
1358,2.97,20,117,19.76
1359,2.86,18.7,120,20.125
1360,3.12,21.1,169,27.255
1361,2.9,17.9,114,20.565
1362,2.77,17.6,103,19.21
1363,2.54,15.7,99.6,17.56
1364,2.7,15.4,113,18.56
1365,2.84,17,116,20.09
1366,2.75,16.5,111,19.91
1367,3.07,22.1,148,27.5
1368,2.44,15,95.5,16.32
1369,2.32,15,91.5,15.94
1370,2.38,16.5,111,19.64
1371,2.61,17,125,21.905
1372,2.31,13.6,89,14.91
1373,2.16,12.3,80.1,13.145
1374,2.39,14.7,96.9,16.355
1375,2.7,16.9,108,19.46
1376,2.43,16,113,19.44
1377,2.13,13.9,109,16.37
1378,2.16,12.7,78.9,13.16
1379,2.36,14.5,96.2,16.63
1380,2.39,15.1,104,17.955
1381,2.53,15.2,103,17.555
1382,2.72,18.4,150,24.195
1383,2.45,13.1,85.5,14.285
1384,2.77,15.3,99.8,16.83
1385,2.47,13.7,85,15.015
1386,2.78,16.8,99.1,18.685
1387,2.54,14.9,97.6,16.95
1388,2.83,16.3,106,18.27
1389,3.15,23.1,161,28.345
1390,3.17,19.9,125,22.355
1391,12.7,89.5,247,61.105
1392,6.44,72.6,236,53.48
1393,5.05,49.7,224,44.89
1394,4.83,67.4,241,51.52
1395,2.79,18.7,145,24.385
1396,4.38,46.2,203,43.64
1397,3.01,20.6,126,23.7
1398,3,19.1,113,20.605
1399,2.94,20.1,129,23.665
1400,2.79,19.5,132,23.46
1401,2.63,14.5,59.5,9.315
1402,2.5,12.8,44.7,5.645
1403,2.94,18.1,82.2,14.855
1404,3.33,22.1,131,22.81
1405,3.51,23.4,155,25.875
1406,3.51,23.7,136,25.135
1407,3.39,21.2,124,23.1
1408,3.63,24.9,139,27.645
1409,3.87,27.4,160,31.295
1410,3.76,26.2,169,29.375
1411,3.82,28.2,172,32.64
1412,4.34,38.4,204,39.995
1413,4.59,41,211,41.51
1414,4.44,40.6,217,41.62
1415,6.54,106,316,60.865
1416,6.13,86,265,56.3
1417,45,191,379,86.86
1418,33.4,174,356,84.845
1419,33.2,177,364,84.685
1420,17.4,177,406,79.415
1421,51.2,200,436,88.18
1422,65.8,198,398,90.49
1423,74.4,227,449,91.995
1424,70,210,454,91.395
1425,75.1,213,460,91.99
1426,91.1,245,483,93.52
1427,76.1,220,456,92.125
1428,110,289,570,95.125
1429,102,232,422,94.705
1430,49.9,192,412,87.72
1431,57.8,229,513,89.185
1432,76.5,217,476,92.335
1433,64,201,481,90.225
1434,64.6,217,495,90.305
1435,58.8,184,497,89.09
1436,77,223,524,92.5
1437,74.4,225,532,91.845
1438,81.4,297,705,92.275
1439,65.8,241,618,90.445
1440,80.5,274,679,92.38
1441,68.9,228,565,90.925
1442,67.4,234,638,90.615
1443,76.5,253,605,91.77
1444,51.9,195,534,88.16
1445,61.1,213,786,89.735
1446,31.5,182,490,84.565
1447,54.2,209,1010,88.72
1448,41.4,241,767,87.44
1449,61.4,254,882,89.81
1450,64.7,249,865,90.29
1451,58.1,208,505,89.36
1452,11,158,535,72.335
1453,39.4,198,497,86.8
1454,47.7,205,463,88.055
1455,38.9,209,492,86.915
1456,50.7,214,563,88.4
1457,49.4,218,579,88.23
1458,47,197,550,87.37
1459,69.7,221,544,91
1460,67.9,233,577,90.675
1461,74.4,250,815,91.555
1462,64.9,192,454,90.41
1463,45.7,219,654,87.52
1464,48.2,215,619,87.62
1465,69,230,616,90.91
1466,18.4,169,413,79.945
1467,31.3,188,460,84.025
1468,56.4,193,488,88.56
1469,49.2,194,645,86.98
1470,31.5,191,579,84.415
1471,55.3,196,559,88.435
1472,55.2,205,689,88.33
1473,57.5,192,452,88.99
1474,45.5,192,596,86.825
1475,46,182,490,86.285
1476,47.4,199,664,86.735
1477,57.4,239,768,89.02
1478,12.9,144,340,73.97
1479,12.5,134,625,69.13
1480,6.15,33.2,195,32.665
1481,3.57,25.7,129,26.55
1482,3.57,24.2,127,25.625
1483,3.63,22.7,120,23.905
1484,4.32,35.9,163,36.085
1485,3.66,26.4,135,27.835
1486,4.28,38.1,185,38.5
1487,3.64,28.4,156,30.43
1488,3.7,26.2,144,27.815
1489,3.8,28.8,169,31.475
1490,3.49,26,158,29.11
1491,3.5,22.6,130,24.615
1492,3.61,25.8,151,28.86
1493,3.72,25.3,143,27.605
1494,3.3,20.9,113,23.735
1495,3.61,24.3,132,26.255
1496,3.85,27.5,160,30.615
1497,5.01,45.3,220,43.185
1498,3.99,30,164,32.41
1499,3.57,27,154,30.095
1500,3.78,30.9,164,33.525
1501,3.77,28.3,158,30.495
1502,4.16,31.7,155,33.185
1503,3.87,29.1,159,31.36
1504,4,29,159,31.245
1505,3.73,25.2,166,27.715
1506,4.43,32.7,201,34.85
1507,3.82,26.5,158,28.925
1508,4.4,31.4,160,32.26
1509,5.17,41,216,40.395
1510,4.07,29.2,146,30.665
1511,3.81,27.3,143,28.79
1512,3.98,28.3,146,29.695
1513,4.63,34.8,159,35.57
1514,3.43,25.4,137,27.84
1515,3.53,26,140,28.645
1516,4.15,33.2,154,34.71
1517,3.33,21.5,117,22.365
1518,3.93,24.8,129,26.325
1519,4.23,31.1,155,32.775
1520,4.49,34.8,184,37.46
1521,3.59,22.8,123,24.47
1522,4.02,25,139,27.545
1523,3.38,23.1,130,25
1524,4.27,28.8,141,29.85
1525,4.1,27.6,144,29.155
1526,4.07,27.6,141,29.395
1527,3.65,20.3,108,20.475
1528,3.25,16.5,72.3,12.49
1529,3.7,21.8,119,22.635
1530,4.65,35,151,35.41
1531,5,38.8,163,37.825
1532,4.17,28.7,143,30.525
1533,4,26.2,131,27.615
1534,4.55,33.7,153,35.25
1535,4.03,26.6,152,29.39
1536,4.3,29.5,161,32.14
1537,4.13,27.2,144,29.7
1538,3.9,25.6,141,28.635
1539,4.16,27.2,139,29.18
1540,4.33,26.7,138,28.83
1541,4.28,27.7,132,28.895
1542,3.72,21.8,114,22.66
1543,3.79,24.3,118,25.085
1544,3.8,21.6,126,22.47
1545,4.02,25.1,136,26.59
1546,4.44,28.2,142,29.61
1547,4.15,26.4,135,27.48
1548,4.35,28.5,147,30.03
1549,4.02,25,130,26.49
1550,4.35,27.1,141,28.605
1551,5.53,36.5,188,37.325
1552,4.5,27.2,133,27.04
1553,4.15,25.2,110,24.385
1554,4.11,25.1,124,26.435
1555,4.72,29.2,131,28.88
1556,5.37,35.9,185,36.865
1557,4.3,26.6,132,27.265
1558,4.3,25,121,25.325
1559,4.17,23.2,111,22.685
1560,4.34,24,121,23.99
1561,4.41,25.4,119,25.285
1562,4.38,26.6,123,26.545
1563,4.68,26.9,121,26.625
1564,4.61,26.3,122,26.025
1565,4.58,25.5,118,25.45
1566,4.48,24.1,116,23.79
1567,4.67,26.2,119,26.26
1568,4.5,23.9,116,23.905
1569,4.82,28.5,132,29.1
1570,4.99,29.6,134,30.585
1571,4.89,27.8,131,28.785
1572,4.81,26.8,124,27.22
1573,4.75,27.8,131,28.87
1574,4.72,26.6,126,27.475
1575,4.86,27.2,127,27.68
1576,4.69,26.6,127,27.58
1577,4.98,29.9,145,30.665
1578,4.55,28.2,125,28.605
1579,4.22,23.6,103,21.2
1580,4.2,23.3,109,22.93
1581,4.09,20.8,99.1,19.86
1582,4.22,21.4,103,20.535
1583,4.34,24.1,115,24.49
1584,4.23,21.7,105,21.08
1585,4.05,22.4,100,20.935
1586,4.27,22.3,102,20.845
1587,4.47,23.2,102,21.6
1588,4.74,25.2,108,23.935
1589,5.02,25.6,113,24.565
1590,5.11,25.5,113,24.13
1591,4.8,23.5,103,21.705
1592,4.32,20.6,90.4,18.285
1593,5.28,27.6,113,26.235
1594,4.28,20.1,86.6,17.235
1595,4.39,20,80.3,15.78
1596,5.13,26,108,24.82
1597,5.4,27.2,109,25.32
1598,5.24,25.5,104,23.425
1599,6.08,28.9,114,26.86
1600,5.11,26.1,109,24.16
1601,5.14,30.7,125,29.28
1602,4.75,28.9,115,26.78
1603,5.35,32.3,121,29.19
1604,4.42,21.6,100,19.86
1605,4.33,24.6,116,25.355
1606,3.8,22.7,119,25.34
1607,3.76,15.1,84.9,14.7
1608,3.9,16.8,103,19.12
1609,3.38,16.4,100,18.355
1610,4.3,17.8,98.3,18.43
1611,5.31,25.3,112,24.57
1612,3.91,18.2,84.7,15.705
1613,4.94,26.7,144,30.685
1614,4.91,23.1,121,25.53
1615,7.87,79.3,243,55.925
1616,4.82,19.2,111,20.555
1617,4.87,17.4,87,15.13
1618,4.57,15.4,64.6,10.415
1619,4.81,24.9,143,25.91
1620,4.97,16.7,74.4,12.64
1621,5.02,17.6,71.9,12.31
1622,4.68,16.6,77.9,13.455
1623,4.71,22.5,108,21.21
1624,4.21,17.9,82.7,14.3
1625,4.26,17.6,69,11.74
1626,4.2,18.3,74.9,13.33
1627,4.08,18.4,76.7,13.83
1628,4.16,19,81.7,15.045
1629,4.03,19,85.4,15.915
1630,3.95,18.6,82.6,15.155
1631,4.11,19,83.6,15.615
1632,4.06,19,83,15.435
1633,4.08,19.2,87.1,16.385
1634,4,17.4,80.1,13.67
1635,4.24,20.3,88.7,17.145
1636,4.32,20.9,93.5,18.315
1637,4.23,20.4,92.5,17.93
1638,4.25,20.7,93.8,18.39
1639,4.29,21.3,98.8,19.61
1640,4.32,21.9,101,20.465
1641,4.36,21.9,103,20.495
1642,4.2,21.5,103,21.09
1643,4.36,22.4,106,21.55
1644,4.53,24.2,117,24.455
1645,4.57,24.1,116,24.57
1646,4.42,23.3,110,23.5
1647,4.75,25.5,124,26.44
1648,4.61,24.9,121,25.985
1649,4.39,24.1,120,25.295
1650,4.65,25.8,129,27.69
1651,4.74,27.8,138,30.22
1652,4.67,27.2,142,30.445
1653,5.9,48.2,180,44.095
1654,6.02,52.8,209,46.405
1655,6.38,83.8,244,56.75
1656,6.75,83.3,239,56.6
1657,6.78,78.9,253,55.005
1658,6.44,82.8,268,56.07
1659,6.86,95.9,309,58.16
1660,8.09,124,344,66.855
1661,14.6,142,371,75.68
1662,16,163,433,77.905
1663,13.8,179,461,77.73
1664,13.6,150,404,74.94
1665,6.58,69.2,310,51.705
1666,8.05,93.9,400,56.68
1667,14.5,139,452,73.81
1668,40.5,163,458,84.525
1669,33.3,176,571,84.025
1670,5.83,22.6,121,22.405
1671,4.29,20.9,110,21.03
1672,4.09,21.9,118,25.1
1673,4.19,18.4,102,17.48
1674,4.33,19,102,18.745
1675,3.95,18.2,102,18.635
1676,3.83,17.2,82.2,15.11
1677,4.1,19.3,101,19.365
1678,3.93,18.5,96.1,18.29
1679,4.07,16.8,77,13.315
1680,3.62,16.9,86.4,15.945
1681,4.22,18.3,95.8,17.61
1682,3.88,17.7,95.7,17.585
1683,3.89,18.7,94.9,18.41
1684,4.35,22.2,103,21.685
1685,3.74,19.7,97.4,19.62
1686,3.92,20.4,103,21.285
1687,5.93,19.3,96.9,18.2
1688,4.69,16.4,90.6,15.555
1689,6.01,17.8,91,15.86
1690,5.68,16.7,78.6,13.31
1691,5.55,16,79,13.36
1692,5.56,15.3,74.6,12.295
1693,5.42,18,82.6,14.46
1694,5.81,16.9,81,14.59
1695,5.66,16.4,82.5,14.345
1696,5.37,14.9,83.2,15.245
1697,5.05,13.8,68.7,11.355
1698,4.24,16.4,74.8,12.765
1699,4.16,19.1,118,21.655
1700,2.96,17.3,94.7,17.15
1701,7.59,105,331,58.305
1702,53.2,317,494,89.65
1703,13.1,333,745,79.6
1704,5.95,19,107,18.77
1705,4.87,17.3,90.7,16.6
1706,4.28,16.4,90,15.75
1707,6.08,25.1,118,24.97
1708,5.73,25,125,26.42
1709,6.29,30.1,159,33.63
1710,6.16,27.1,175,32.775
1711,6,16.3,78.1,13.62
1712,4.84,18.3,85.7,15.585
1713,4.28,17.7,66.2,10.96
1714,4.14,21.5,98.6,19.895
1715,3.01,15,67.3,11.17
1716,2.17,13.5,63.4,10.205
1717,5.35,30.7,115,26.355
1718,5.63,21.5,108,21.695
1719,4.81,23.3,127,27.37
1720,4.56,20.6,115,23.675
1721,5.65,25.9,122,26.88
1722,4.49,22.6,105,22.425
1723,4.02,18.4,111,20.42
1724,3.99,17.1,93.4,17.725
1725,2.71,16.9,99.1,19.275
1726,3.55,23,124,27.53
1727,3.62,18.3,98.7,19.39
1728,3.64,18.1,89.9,17.305
1729,1.98,16.2,102,18.12
1730,3.42,18.2,101,19.445
1731,4.2,24.6,124,27.755
1732,4.77,22.1,110,23.88
1733,5.04,24.5,116,26.485
1734,5.07,18.8,105,21.825
1735,4.74,16.8,89.6,16.06
1736,4.17,16.7,78.8,13.845
1737,4.12,18,89.8,16.125
1738,4.28,24.1,122,27.225
1739,4.17,22.3,117,24.07
1740,4.86,24,119,26.265
1741,4.79,25.8,131,28.83
1742,4.15,20.5,101,20.095
1743,4.82,23.7,114,24.845
1744,5.21,22.9,104,22.175
1745,5.36,21.8,100,21.03
1746,4.8,22.8,120,23.545
1747,5.65,32.5,187,35.32
1748,4.78,20.6,104,21.565
1749,4.68,19.3,100,19.865
1750,4.37,19.5,94.2,18.475
1751,4.35,21.3,105,20.965
1752,4.93,26.4,125,28.455
1753,4.23,22.7,122,26.455
1754,4.87,25.4,120,27.95
1755,4.32,16.7,89.1,16.395
1756,3.82,17.3,89.4,16.12
1757,3.61,21.3,128,25
1758,3.81,21.3,127,24.365
1759,4.66,21.8,123,26.96
1760,4.22,17.4,116,21.32
1761,3.89,22.4,137,25.97
1762,4.98,20.9,119,24.35
1763,4.4,15.8,84.1,14.955
1764,4.2,20,92.3,18.69
1765,5.12,25.3,113,26.43
1766,4.82,23.2,147,31.505
1767,4.46,17.2,89.7,16.485
1768,4.16,17.4,90.2,17.11
1769,4.1,19.5,98.1,19.965
1770,4.2,19.9,102,20.765
1771,4.01,19.3,99.4,19.84
1772,4.01,20.1,100,19.975
1773,5.69,46.2,169,42.595
1774,7.45,82.9,234,57.765
1775,4.37,18.8,111,20.67
1776,3.96,17.7,87.7,16.195
1777,3.98,20,91.3,17.34
1778,1.85,18.8,139,23.36
1779,3.81,25.5,127,27.08
1780,4.49,23.4,104,22.13
1781,3.58,19.2,99.2,19.35
1782,4.77,25,364,29.085
1783,4.37,23,103,21.675
1784,3.46,16.3,65.3,10.575
1785,3.4,15.3,54.2,7.545
1786,3.42,15.9,61.2,9.595
1787,3.47,17.3,71.6,12.32
1788,4.49,23.4,100,22.565
1789,4.36,24.4,111,24.525
1790,3.55,17.5,77.9,14.265
1791,4.39,23.3,102,22.645
1792,4.55,25.9,111,26.65
1793,4.86,33,125,32.785
1794,5.26,38.3,141,37.275
1795,5.41,45.6,171,43.14
1796,6.07,66.8,193,51.48
1797,7.93,104,248,64.555
1798,10.5,124,298,69.115
1799,15.4,135,353,74.68
1800,46.1,186,439,86.47
1801,32,153,372,82.38
1802,11.7,130,371,70.465
1803,5.06,30.4,240,35.355
1804,3.91,22.3,129,24.07
1805,4.51,22.5,109,23.25
1806,4.83,23.3,110,23.54
1807,4.9,20.6,95.9,19.34
1808,4.61,18.2,92.6,17.445
1809,4.81,18.6,93.4,17.4
1810,5.07,20.3,96.1,18.525
1811,4.52,18.7,93.5,17.565
1812,4.29,16.5,95,17.19
1813,4.05,16.1,77.3,13.19
1814,3.53,16.5,82.8,14.49
1815,3.39,21.8,136,24.845
1816,3.04,19.8,139,24.115
1817,3.74,24,125,27.025
1818,4.27,22.4,152,25.785
1819,2.92,23.1,130,26.515
1820,5.57,32.3,200,35.875
1821,5.19,22.2,112,22.28
1822,5.11,22.2,118,22.36
1823,5.39,22.9,118,22.895
1824,5.52,20.5,96.5,18.6
1825,5.3,21,103,20.195
1826,5.74,20.5,90,16.89
1827,5.37,20.3,90.3,16.695
1828,5.05,22.3,105,21.03
1829,5.78,25.8,172,30.17
1830,4.85,20.1,94,17.6
1831,5.72,20.2,105,19.505
1832,5.51,19.3,88.5,16.095
1833,5.75,20.7,103,19.695
1834,5.03,18.6,86,15.44
1835,4.29,17.4,85.3,14.865
1836,4.38,21.7,112,22.15
1837,6.17,55.4,212,47.225
1838,4.55,17.7,102,19.055
1839,4.31,18.4,98.6,18.44
1840,5.3,24,120,24.65
1841,4.89,17.8,95.2,17.295
1842,3.29,16.4,98.3,17.52
1843,4.15,17.1,97.4,17.835
1844,4.7,17.6,81.5,14.93
1845,4.17,21.3,116,22.49
1846,3.24,13.8,81.2,13.735
1847,4.54,22.4,105,21.545
1848,4.33,22.5,119,24.17
1849,4.56,24,148,28.01
1850,4.64,23.7,155,28.155
1851,4.85,18,108,19.785
1852,4.57,18.5,114,20.87
1853,4.71,18.4,101,18.825
1854,5.88,23,123,23.765
1855,4.4,14.9,75.1,12.535
1856,3.15,14.1,71,12.115
1857,4.39,20.1,97.6,19.675
1858,4.97,22.8,109,23.125
1859,5.04,20.2,95.3,18.58
1860,5.45,20.7,109,21.295
1861,4.88,15.9,76.8,13.47
1862,4.61,17.8,91.1,16.375
1863,4.24,25,238,29.965
1864,4.63,28,156,31.42
1865,3.52,14.5,49.7,6.185
1866,4.32,17.2,56.5,8.02
1867,4.75,16.7,55.2,7.835
1868,5.29,18.1,62.7,9.99
1869,4.71,17.3,70.6,11.89
1870,5.18,21.3,93.3,18.25
1871,6.06,36.6,154,35.94
1872,5.63,22.7,131,24.465
1873,4.98,16.5,59.1,9.015
1874,4.8,14.4,50.8,6.94
1875,3.3,15.1,50,6.34
1876,3.83,16.7,64.9,10.61
1877,3.5,14.3,52.1,7.335
1878,4.16,18.1,73.1,12.98
1879,4.94,28.6,129,29.115
1880,4.1,15.3,55.6,7.965
1881,4.22,16.4,56.9,8.29
1882,4.16,14.6,51,6.83
1883,4.93,15.8,53.6,7.825
1884,3.79,13.9,50,6.755
1885,4.22,18.9,68.2,12.28
1886,4.01,19.5,90.5,17.625
1887,3.15,14.2,51.4,6.71
1888,5.44,22.5,105,22.1
1889,5.22,20.9,98.6,20.165
1890,4.69,20,105,20.97
1891,5.67,20,95.1,18.235
1892,5.38,18.6,92.4,17.19
1893,5.1,17.3,88.4,15.84
1894,4.23,16.6,88.3,15.435
1895,2.97,11.9,42.3,4.815
1896,3.42,13.2,51.9,7.435
1897,3.84,22.8,124,24.28
1898,3.97,19.1,96.1,16.545
1899,3.51,18.3,94.6,16.61
1900,3.2,25.3,128,26.65
1901,6.33,58,316,48.01
1902,5.35,22,115,22.6
1903,5.43,21,106,21.25
1904,5.43,21.1,107,21.26
1905,4.47,17,82.7,14.67
1906,4.29,15.9,79.8,13.615
1907,4.46,18.1,87,16.045
1908,3.8,20.5,118,21.38
1909,3.36,25.2,145,29.04
1910,3.15,18.6,105,18.255
1911,3.75,31,222,35.32
1912,3.54,18.8,141,22.445
1913,3.83,22,195,29.345
1914,3.99,14.8,75.4,12.66
1915,2.85,18.9,109,21.425
1916,3.49,18.8,82.2,15.36
1917,3.61,17.2,83.5,15.345
1918,3.4,16.6,68.7,11.56
1919,3.19,15.8,66,10.84
1920,3.11,15.9,61.6,9.69
1921,3.13,16.4,64.5,10.475
1922,3.2,15.4,56.6,8.175
1923,3.07,13.6,49.5,6.355
1924,2.99,13.4,52.1,7.16
1925,3.15,13.7,54.1,7.61
1926,3.18,14,54.9,7.81
1927,3.22,14.9,57.8,8.66
1928,3.23,14.5,57,8.45
1929,3.17,13.9,57.6,8.66
1930,3.03,13.5,57,8.43
1931,3.12,13.1,56.9,8.475
1932,3.09,12.6,54.9,7.955
1933,2.95,12.5,54,7.7
1934,2.9,12.5,55.6,8.08
1935,2.95,12.9,56.6,8.37
1936,3.13,14.1,59.1,9.07
1937,2.88,13.3,56.9,8.43
1938,2.97,13.4,62.5,9.93
1939,2.97,13.2,62.2,9.88
1940,3.1,13.2,61.2,9.605
1941,2.87,12.5,63.6,10.18
1942,3.13,14.3,66,10.875
1943,3.13,14.8,67.8,11.405
1944,3.26,14.8,71.3,12.245
1945,3.2,15.8,74.4,13.2
1946,3.18,15.2,73.2,12.91
1947,3.35,14.6,71.1,12.215
1948,3.41,16.4,79.5,14.485
1949,3.52,16.9,80.6,14.985
1950,3.59,17.9,85.9,16.63
1951,3.62,16.8,80.7,14.96
1952,3.53,17.9,89.4,17.535
1953,3.62,20.1,98.9,20.71
1954,3.76,20.8,102,21.73
1955,3.69,22.6,109,24.65
1956,3.98,26.8,119,28.58
1957,4.88,50.2,135,42.035
1958,4.3,40.5,143,38.4
1959,4.68,48.8,156,43.11
1960,4.88,57.2,167,47.12
1961,5.66,69.6,179,53.625
1962,6.18,78.2,188,58.215
1963,5.95,76.8,192,57.235
1964,6.63,79.8,196,58.985
1965,9.25,94.6,220,66.64
1966,9.37,92.9,220,65.965
1967,8.96,95.7,223,66.515
1968,10.4,100,235,68.085
1969,11.9,111,260,71.69
1970,8.02,102,258,66.57
1971,31.5,129,279,80.07
1972,6.56,101,259,64.535
1973,8.96,115,286,69.01
1974,11.9,126,313,72.99
1975,38,150,332,83.12
1976,17,119,331,72.72
1977,3.58,23.3,189,30.505
1978,3.15,19.6,201,28.755
1979,4.3,32.4,226,37.655
1980,3.55,23.1,191,29.505
1981,3.57,26.3,235,36.12
1982,4.03,23.2,135,27.6
1983,3.31,16.1,84.8,15.46
1984,3.23,15.8,80.1,14.45
1985,3.4,16.3,82.7,15.19
1986,3.28,15.3,81.8,14.27
1987,2.95,12.5,55.2,8.205
1988,3.68,20.9,198,28.61
1989,3.69,25.7,204,31.675
1990,4.22,34.7,262,40.46
1991,3.35,17.7,193,24
1992,3,15,119,18.395
1993,2.91,15.4,106,18.545
1994,3.24,16.7,129,20.105
1995,3.22,15.9,132,20.225
1996,3.09,15,131,18.895
1997,4.24,38,314,43.045
1998,3.68,24.6,267,33.825
1999,3.91,35.8,260,40.62
2000,3.29,17,176,24.315
2001,2.24,12.3,83.7,13.805
2002,2.71,13.3,91.7,15.33
2003,2.58,12.5,65,10.515
2004,2.75,12.4,58,8.88
2005,3.4,15.8,79.9,14.255
2006,3.79,17,84.1,15.69
2007,3.85,14.5,74,12.625
2008,3.92,19.9,108,22.72
2009,3.82,24.7,296,34.45
2010,2.79,14.5,111,17.68
2011,3.09,14.6,96.6,16.075
2012,3.36,18.5,148,23.64
2013,3.31,17.6,104,18.275
2014,3.2,17.3,119,19.69
2015,3.79,27,199,31.78
2016,4.13,28.5,188,32.465
2017,3.29,16.7,132,20.735
2018,3.33,19.1,162,24.19
2019,5.46,65.2,398,50.79
2020,3.23,20.6,229,28.585
2021,3.45,18.9,180,21.515
2022,3.54,19.7,102,18.415
2023,3.53,18.1,88.1,15.3
2024,3.63,19.6,99,17.74
2025,3.57,16.8,110,18.21
2026,3.3,17.2,149,22.495
2027,3.73,22.8,239,31.535
2028,4.11,44.4,279,43.73
2029,4.43,43.9,238,42.975
2030,7.59,114,484,64.225
2031,6.11,84.9,278,57.5
2032,3.75,20.3,100,19.345
2033,3.66,18,86.9,15.795
2034,3.9,20.4,111,21.55
2035,4.26,26,151,30.095
2036,3.64,22.6,114,22.91
2037,3.77,16.9,76.8,13.755
2038,3.81,15.7,71.6,12.385
2039,4.42,15.3,64.5,10.475
2040,3.85,14.6,60.1,9.225
2041,4.37,15.2,70.5,11.78
2042,3.98,15.4,70.3,11.71
2043,3.96,17.8,72.2,12.495
2044,3.78,35.8,199,37.005
2045,3.1,17.1,89.8,16.035
2046,2.97,17.1,106,19.745
2047,3.42,17.1,104,17.77
2048,3.87,17.4,83.5,14.735
2049,2.69,12.7,62,9.835
2050,2.98,13.6,65.4,10.555
2051,2.49,12.4,65.6,10.565
2052,3.47,14.5,69.1,11.38
2053,4.05,18.7,94.5,17.295
2054,3.09,15.3,82.1,14.21
2055,3.15,17.1,104,18.395